{
 "files": [
  {
   "name": ".",
   "ftype": "dir",
   "chksum_type": null,
   "chksum_sha256": null,
   "format": 1
  },
  {
   "name": ".github",
   "ftype": "dir",
   "chksum_type": null,
   "chksum_sha256": null,
   "format": 1
  },
  {
   "name": ".github/workflows",
   "ftype": "dir",
   "chksum_type": null,
   "chksum_sha256": null,
   "format": 1
  },
  {
   "name": ".github/workflows/changelog.yml",
   "ftype": "file",
   "chksum_type": "sha256",
   "chksum_sha256": "15ef7af9b356986f0ecad4c9b251c8bfb88d4e40ad2ff1ae9e23127df0be8a29",
   "format": 1
  },
  {
   "name": ".github/workflows/linters.yml",
   "ftype": "file",
   "chksum_type": "sha256",
   "chksum_sha256": "53ea8cad53e067156aa4bdd432fc05371d3c4e8e82b06ad77d42bed22ac165e1",
   "format": 1
  },
  {
   "name": ".github/workflows/sanity_and_units.yml",
   "ftype": "file",
   "chksum_type": "sha256",
   "chksum_sha256": "ff67be1c0f4fbfa795ca723ca75c5339d3c641206828a2bd1a0d2a683d753a92",
   "format": 1
  },
  {
   "name": ".github/workflows/unit-ansible-2.9.yml",
   "ftype": "file",
   "chksum_type": "sha256",
   "chksum_sha256": "6da10d31e601196c276d4e14f66499beb0f1f55208eb8e71d00fc3b600d82dfa",
   "format": 1
  },
  {
   "name": "changelogs",
   "ftype": "dir",
   "chksum_type": null,
   "chksum_sha256": null,
   "format": 1
  },
  {
   "name": "changelogs/fragments",
   "ftype": "dir",
   "chksum_type": null,
   "chksum_sha256": null,
   "format": 1
  },
  {
   "name": "changelogs/fragments/.keep",
   "ftype": "file",
   "chksum_type": "sha256",
   "chksum_sha256": "e3b0c44298fc1c149afbf4c8996fb92427ae41e4649b934ca495991b7852b855",
   "format": 1
  },
  {
   "name": "changelogs/changelog.yaml",
   "ftype": "file",
   "chksum_type": "sha256",
   "chksum_sha256": "ad23e3b397d21ce7df780bbb5d5eab1297b3ac88973cec18e0371ab60d6b6ffb",
   "format": 1
  },
  {
   "name": "changelogs/config.yaml",
   "ftype": "file",
   "chksum_type": "sha256",
   "chksum_sha256": "8ed2dc9b735615a898401d871695d090d74624a617d80f7bde0b59abd79fae6e",
   "format": 1
  },
  {
   "name": "meta",
   "ftype": "dir",
   "chksum_type": null,
   "chksum_sha256": null,
   "format": 1
  },
  {
   "name": "meta/runtime.yml",
   "ftype": "file",
   "chksum_type": "sha256",
   "chksum_sha256": "535568680e7ecac4940996890d5c31e4b43aa1bfe90452610902fade3e8b1521",
   "format": 1
  },
  {
   "name": "plugins",
   "ftype": "dir",
   "chksum_type": null,
   "chksum_sha256": null,
   "format": 1
  },
  {
   "name": "plugins/lookup",
   "ftype": "dir",
   "chksum_type": null,
   "chksum_sha256": null,
   "format": 1
  },
  {
   "name": "plugins/lookup/turbo_demo.py",
   "ftype": "file",
   "chksum_type": "sha256",
   "chksum_sha256": "36a1cac200d74a970d78687b8ce86c3e18c201f6bb4d9da7d1c4b5448f822eda",
   "format": 1
  },
  {
   "name": "plugins/module_utils",
   "ftype": "dir",
   "chksum_type": null,
   "chksum_sha256": null,
   "format": 1
  },
  {
   "name": "plugins/module_utils/turbo",
   "ftype": "dir",
   "chksum_type": null,
   "chksum_sha256": null,
   "format": 1
  },
  {
   "name": "plugins/module_utils/turbo/common.py",
   "ftype": "file",
   "chksum_type": "sha256",
   "chksum_sha256": "0cb8fa84023f04361a4e2c4fc87ab381e5b238772ab34ec0b258a0fcc2868e14",
   "format": 1
  },
  {
   "name": "plugins/module_utils/turbo/exceptions.py",
   "ftype": "file",
   "chksum_type": "sha256",
   "chksum_sha256": "10e897e6a947d1d9971b1a0e10694caeba7f6c52af69e5e8d7f32d4648362185",
   "format": 1
  },
  {
   "name": "plugins/module_utils/turbo/module.py",
   "ftype": "file",
   "chksum_type": "sha256",
   "chksum_sha256": "4489bf197e29debb7b46d3ebbd306e5feec859a94f7f18ff87f73b15fe562801",
   "format": 1
  },
  {
   "name": "plugins/module_utils/turbo/server.py",
   "ftype": "file",
   "chksum_type": "sha256",
   "chksum_sha256": "9de1df379e205f0e9be29cba7480aadfb00c9ed164e9d29de0f5200bfb1874d2",
   "format": 1
  },
  {
   "name": "plugins/module_utils/turbo_demo.py",
   "ftype": "file",
   "chksum_type": "sha256",
   "chksum_sha256": "7401a0c8d754a4f09267b95ba7a898b77c2b5b2422341966d83ec81fe406e1bb",
   "format": 1
  },
  {
   "name": "plugins/modules",
   "ftype": "dir",
   "chksum_type": null,
   "chksum_sha256": null,
   "format": 1
  },
  {
   "name": "plugins/modules/turbo_demo.py",
   "ftype": "file",
   "chksum_type": "sha256",
   "chksum_sha256": "8c9439d9544ca0b74e0800c257f3472f59e85f65f0fd55a2b0d8c8ee82e674fd",
   "format": 1
  },
  {
   "name": "plugins/modules/turbo_fail.py",
   "ftype": "file",
   "chksum_type": "sha256",
   "chksum_sha256": "a2a80de946f0b687e6b2182c74a467279e87009a5aadbf5344ce7412ca94fce1",
   "format": 1
  },
  {
   "name": "plugins/modules/turbo_import.py",
   "ftype": "file",
   "chksum_type": "sha256",
   "chksum_sha256": "a68d01cddbbe3254294930452900cc648ce1cdc0d75d6fde1f57f718e0d8e8ac",
   "format": 1
  },
  {
   "name": "plugins/plugin_utils",
   "ftype": "dir",
   "chksum_type": null,
   "chksum_sha256": null,
   "format": 1
  },
  {
   "name": "plugins/plugin_utils/turbo",
   "ftype": "dir",
   "chksum_type": null,
   "chksum_sha256": null,
   "format": 1
  },
  {
   "name": "plugins/plugin_utils/turbo/lookup.py",
   "ftype": "file",
   "chksum_type": "sha256",
   "chksum_sha256": "ddd2a780197cf8c3540c9a831b91b74ba40b566345e122ed2f15faeaa44967eb",
   "format": 1
  },
  {
   "name": "tests",
   "ftype": "dir",
   "chksum_type": null,
   "chksum_sha256": null,
   "format": 1
  },
  {
   "name": "tests/integration",
   "ftype": "dir",
   "chksum_type": null,
   "chksum_sha256": null,
   "format": 1
  },
  {
   "name": "tests/integration/targets",
   "ftype": "dir",
   "chksum_type": null,
   "chksum_sha256": null,
   "format": 1
  },
  {
   "name": "tests/integration/targets/turbo_fail",
   "ftype": "dir",
   "chksum_type": null,
   "chksum_sha256": null,
   "format": 1
  },
  {
   "name": "tests/integration/targets/turbo_fail/tasks",
   "ftype": "dir",
   "chksum_type": null,
   "chksum_sha256": null,
   "format": 1
  },
  {
   "name": "tests/integration/targets/turbo_fail/tasks/main.yaml",
   "ftype": "file",
   "chksum_type": "sha256",
   "chksum_sha256": "2ed77ad416a544c74f1109f5fbb190de18ffb324cd10659d529f88d816a49bd5",
   "format": 1
  },
  {
   "name": "tests/integration/targets/turbo_lookup",
   "ftype": "dir",
   "chksum_type": null,
   "chksum_sha256": null,
   "format": 1
  },
  {
   "name": "tests/integration/targets/turbo_lookup/playbook.yaml",
   "ftype": "file",
   "chksum_type": "sha256",
   "chksum_sha256": "9d726f50446ac7219b0d1a9343dee16fd9a39f81292f1735ba711a7b82740046",
   "format": 1
  },
  {
   "name": "tests/integration/targets/turbo_lookup/runme.sh",
   "ftype": "file",
   "chksum_type": "sha256",
   "chksum_sha256": "74c081ba1aa13beb5aa8e4a29a60967eeaa5fdaff101ca722614e45c7d2d24c0",
   "format": 1
  },
  {
   "name": "tests/integration/targets/turbo_mode",
   "ftype": "dir",
   "chksum_type": null,
   "chksum_sha256": null,
   "format": 1
  },
  {
   "name": "tests/integration/targets/turbo_mode/tasks",
   "ftype": "dir",
   "chksum_type": null,
   "chksum_sha256": null,
   "format": 1
  },
  {
   "name": "tests/integration/targets/turbo_mode/tasks/main.yaml",
   "ftype": "file",
   "chksum_type": "sha256",
   "chksum_sha256": "b4b6c68ae9c6513cc6a7c9020a981d74f6e025ee6fa62be484db39b628defdef",
   "format": 1
  },
  {
   "name": "tests/integration/targets/turbo_mode/playbook.yaml",
   "ftype": "file",
   "chksum_type": "sha256",
   "chksum_sha256": "80493725349cabb96ef26aaf52c9da3f3eafae1977a85cbeac4e272e3868e69d",
   "format": 1
  },
  {
   "name": "tests/integration/targets/turbo_mode/runme.sh",
   "ftype": "file",
   "chksum_type": "sha256",
   "chksum_sha256": "16f894cf82c43e1a5a569d3f80c8f3a6db2bd27aa29144be3c1f992c1d771d2a",
   "format": 1
  },
  {
   "name": "tests/integration/targets/turbo_mode_parallel_exec",
   "ftype": "dir",
   "chksum_type": null,
   "chksum_sha256": null,
   "format": 1
  },
  {
   "name": "tests/integration/targets/turbo_mode_parallel_exec/inventory",
   "ftype": "file",
   "chksum_type": "sha256",
   "chksum_sha256": "ecae869ac5b55848215776b0da1fc1b5e659116c008e3c0091f2d7917f2d22db",
   "format": 1
  },
  {
   "name": "tests/integration/targets/turbo_mode_parallel_exec/playbook.yaml",
   "ftype": "file",
   "chksum_type": "sha256",
   "chksum_sha256": "16e8c8f7d0c12baadd2c1415a46f81f340713bf9e4ebe078bccc70d32b34a1ae",
   "format": 1
  },
  {
   "name": "tests/integration/targets/turbo_mode_parallel_exec/runme.sh",
   "ftype": "file",
   "chksum_type": "sha256",
   "chksum_sha256": "32f07f09fdc38e292cbd2f1919b06fe0c1de8cd49beded2b1484387b03b774cf",
   "format": 1
  },
  {
   "name": "tests/sanity",
   "ftype": "dir",
   "chksum_type": null,
   "chksum_sha256": null,
   "format": 1
  },
  {
   "name": "tests/sanity/ignore-2.10.txt",
   "ftype": "file",
   "chksum_type": "sha256",
   "chksum_sha256": "2ba79e49dde0ab4db7726d03ab0350834d8a2130ce3880cc9e90788a03e633f3",
   "format": 1
  },
  {
   "name": "tests/sanity/ignore-2.11.txt",
   "ftype": "file",
   "chksum_type": "sha256",
   "chksum_sha256": "811e9919d1846ef277f0d158c1d87640854725ed73b8939d7d7f71c7ce19ce6e",
   "format": 1
  },
  {
   "name": "tests/sanity/ignore-2.12.txt",
   "ftype": "file",
   "chksum_type": "sha256",
   "chksum_sha256": "6ade72ead3ea9bfa27bc079c9f4f9dddc8fc29e3e5ae5cabb2e2e7666317485e",
   "format": 1
  },
  {
   "name": "tests/sanity/ignore-2.13.txt",
   "ftype": "file",
   "chksum_type": "sha256",
   "chksum_sha256": "6ade72ead3ea9bfa27bc079c9f4f9dddc8fc29e3e5ae5cabb2e2e7666317485e",
   "format": 1
  },
  {
   "name": "tests/sanity/ignore-2.14.txt",
   "ftype": "file",
   "chksum_type": "sha256",
   "chksum_sha256": "6ade72ead3ea9bfa27bc079c9f4f9dddc8fc29e3e5ae5cabb2e2e7666317485e",
   "format": 1
  },
  {
   "name": "tests/sanity/ignore-2.15.txt",
   "ftype": "file",
   "chksum_type": "sha256",
   "chksum_sha256": "6ade72ead3ea9bfa27bc079c9f4f9dddc8fc29e3e5ae5cabb2e2e7666317485e",
   "format": 1
  },
  {
   "name": "tests/sanity/ignore-2.16.txt",
   "ftype": "file",
   "chksum_type": "sha256",
   "chksum_sha256": "6ade72ead3ea9bfa27bc079c9f4f9dddc8fc29e3e5ae5cabb2e2e7666317485e",
   "format": 1
  },
  {
   "name": "tests/sanity/ignore-2.9.txt",
   "ftype": "file",
   "chksum_type": "sha256",
   "chksum_sha256": "2ba79e49dde0ab4db7726d03ab0350834d8a2130ce3880cc9e90788a03e633f3",
   "format": 1
  },
  {
   "name": "tests/unit",
   "ftype": "dir",
   "chksum_type": null,
   "chksum_sha256": null,
   "format": 1
  },
  {
   "name": "tests/unit/plugins",
   "ftype": "dir",
   "chksum_type": null,
   "chksum_sha256": null,
   "format": 1
  },
  {
   "name": "tests/unit/plugins/module_utils",
   "ftype": "dir",
   "chksum_type": null,
   "chksum_sha256": null,
   "format": 1
  },
  {
   "name": "tests/unit/plugins/module_utils/turbo",
   "ftype": "dir",
   "chksum_type": null,
   "chksum_sha256": null,
   "format": 1
  },
  {
   "name": "tests/unit/plugins/module_utils/turbo/conftest.py",
   "ftype": "file",
   "chksum_type": "sha256",
   "chksum_sha256": "99a3352cf6215e0a3d767c048fbfefa66aec5cead1330b0b029975e019faeb8c",
   "format": 1
  },
  {
   "name": "tests/unit/plugins/module_utils/turbo/test_module.py",
   "ftype": "file",
   "chksum_type": "sha256",
   "chksum_sha256": "5b7ed86bd31bd4bf172cf9e8b6d1c8715bd0d6128713e6b59418b55ad33ad417",
   "format": 1
  },
  {
   "name": "tests/unit/plugins/module_utils/turbo/test_turbo_module.py",
   "ftype": "file",
   "chksum_type": "sha256",
   "chksum_sha256": "6ec409210b6c84bc4418771ffa6a5543742dc78e710246405bd17a9bc7326850",
   "format": 1
  },
  {
   "name": "tests/unit/requirements.txt",
   "ftype": "file",
   "chksum_type": "sha256",
   "chksum_sha256": "4956e1dbd41900d08246d8d019954340c669abe02f1f2680f435c63a1534d5a6",
   "format": 1
  },
  {
   "name": "tests/config.yml",
   "ftype": "file",
   "chksum_type": "sha256",
   "chksum_sha256": "232da28b965d5e057d65173ffa9e4f3d63c87b537001450bcb033199309d16ae",
   "format": 1
  },
  {
   "name": "CHANGELOG.rst",
   "ftype": "file",
   "chksum_type": "sha256",
   "chksum_sha256": "37e82a484e32691dd70a237e28b0eb0300cb77d98aaa48a1380f9698a156be40",
   "format": 1
  },
  {
   "name": "CI.md",
   "ftype": "file",
   "chksum_type": "sha256",
   "chksum_sha256": "40940b39299fdd0a70df5280291ed4612c95fa635f1b51d4ba22ca0653b5fabe",
   "format": 1
  },
  {
   "name": "LICENSE",
   "ftype": "file",
   "chksum_type": "sha256",
   "chksum_sha256": "3972dc9744f6499f0f9b2dbf76696f2ae7ad8af9b23dde66d6af86c9dfb36986",
   "format": 1
  },
  {
   "name": "README.md",
   "ftype": "file",
   "chksum_type": "sha256",
   "chksum_sha256": "77bab797767ac83a7a73e0314aea2370f5a3c5cee2d220c7dcd55ac7513486a1",
   "format": 1
  },
  {
   "name": "bindep.txt",
   "ftype": "file",
   "chksum_type": "sha256",
   "chksum_sha256": "e3b0c44298fc1c149afbf4c8996fb92427ae41e4649b934ca495991b7852b855",
   "format": 1
  },
  {
   "name": "pytest.ini",
   "ftype": "file",
   "chksum_type": "sha256",
   "chksum_sha256": "d2fc2c077aecb43b8d72cfd2d85f6a508309938c5b7cf596661fe0aeb39cb4f6",
   "format": 1
  },
  {
   "name": "requirements.txt",
   "ftype": "file",
   "chksum_type": "sha256",
   "chksum_sha256": "e3b0c44298fc1c149afbf4c8996fb92427ae41e4649b934ca495991b7852b855",
   "format": 1
  },
  {
   "name": "test-requirements.txt",
   "ftype": "file",
   "chksum_type": "sha256",
   "chksum_sha256": "cd90d58c7b3416cc0feb7f54e21680fd09f2fc5727f392006b834beb7459caf5",
   "format": 1
  },
  {
   "name": "tox.ini",
   "ftype": "file",
   "chksum_type": "sha256",
   "chksum_sha256": "e318271cca12b953614d48cd35f887f92fb7463fdeb0a143c445cc34948246f0",
   "format": 1
  }
 ],
 "format": 1
}