{
 "files": [
  {
   "name": ".",
   "ftype": "dir",
   "chksum_type": null,
   "chksum_sha256": null,
   "format": 1
  },
  {
   "name": ".config",
   "ftype": "dir",
   "chksum_type": null,
   "chksum_sha256": null,
   "format": 1
  },
  {
   "name": ".config/ansible-lint.yml",
   "ftype": "file",
   "chksum_type": "sha256",
   "chksum_sha256": "fc6a1235051ecb9d79555eb292832443b84844c7b343a43cad74b0f84eeeda64",
   "format": 1
  },
  {
   "name": ".github",
   "ftype": "dir",
   "chksum_type": null,
   "chksum_sha256": null,
   "format": 1
  },
  {
   "name": ".github/workflows",
   "ftype": "dir",
   "chksum_type": null,
   "chksum_sha256": null,
   "format": 1
  },
  {
   "name": ".github/workflows/codecoverage.yml",
   "ftype": "file",
   "chksum_type": "sha256",
   "chksum_sha256": "de4d28c3068fb7e2cfbd5e4e1b52f4a48462b63825a8552973e4b23fe3efcc19",
   "format": 1
  },
  {
   "name": ".github/workflows/test.yml",
   "ftype": "file",
   "chksum_type": "sha256",
   "chksum_sha256": "fb6838827012c333b7aa2b445987ce5aef5727b640e7647846d09e30d32b54b6",
   "format": 1
  },
  {
   "name": "changelogs",
   "ftype": "dir",
   "chksum_type": null,
   "chksum_sha256": null,
   "format": 1
  },
  {
   "name": "changelogs/changelog.yaml",
   "ftype": "file",
   "chksum_type": "sha256",
   "chksum_sha256": "8c6d9cf9f1a29f303ffd8c6ce16d7298b350fb393a00fca71cf62f9587dc5e5a",
   "format": 1
  },
  {
   "name": "changelogs/config.yaml",
   "ftype": "file",
   "chksum_type": "sha256",
   "chksum_sha256": "9ac674e8b8cca45185e5cf13aac7a547ff81208b4c88665785ed4ed3b4e460b3",
   "format": 1
  },
  {
   "name": "docs",
   "ftype": "dir",
   "chksum_type": null,
   "chksum_sha256": null,
   "format": 1
  },
  {
   "name": "docs/frr.frr.frr_bgp_module.rst",
   "ftype": "file",
   "chksum_type": "sha256",
   "chksum_sha256": "72eecf80acacd211ede58eb567d5a0bc07c3ba9fdc005e0e0f52ea0b20abed8e",
   "format": 1
  },
  {
   "name": "docs/frr.frr.frr_cliconf.rst",
   "ftype": "file",
   "chksum_type": "sha256",
   "chksum_sha256": "95f1b9bd2fa4810c2bbbeaf0d229b0ad8423d77eeda474b5bf62c6ec51530a44",
   "format": 1
  },
  {
   "name": "docs/frr.frr.frr_facts_module.rst",
   "ftype": "file",
   "chksum_type": "sha256",
   "chksum_sha256": "0d6034284e61789b8e9e3f3c0add74706e481908f8a55bc5c92c31b8d623ca1c",
   "format": 1
  },
  {
   "name": "meta",
   "ftype": "dir",
   "chksum_type": null,
   "chksum_sha256": null,
   "format": 1
  },
  {
   "name": "meta/runtime.yml",
   "ftype": "file",
   "chksum_type": "sha256",
   "chksum_sha256": "e412b6b07058319e23e2c4433b08855974d34bf6d292a3431bbca9ddf5dbf2d9",
   "format": 1
  },
  {
   "name": "plugins",
   "ftype": "dir",
   "chksum_type": null,
   "chksum_sha256": null,
   "format": 1
  },
  {
   "name": "plugins/cliconf",
   "ftype": "dir",
   "chksum_type": null,
   "chksum_sha256": null,
   "format": 1
  },
  {
   "name": "plugins/cliconf/__init__.py",
   "ftype": "file",
   "chksum_type": "sha256",
   "chksum_sha256": "e3b0c44298fc1c149afbf4c8996fb92427ae41e4649b934ca495991b7852b855",
   "format": 1
  },
  {
   "name": "plugins/cliconf/frr.py",
   "ftype": "file",
   "chksum_type": "sha256",
   "chksum_sha256": "f1eb4a8671553f5c3ccf978da7e8b11b94f1d793a502d81611c17311d501c8f3",
   "format": 1
  },
  {
   "name": "plugins/module_utils",
   "ftype": "dir",
   "chksum_type": null,
   "chksum_sha256": null,
   "format": 1
  },
  {
   "name": "plugins/module_utils/network",
   "ftype": "dir",
   "chksum_type": null,
   "chksum_sha256": null,
   "format": 1
  },
  {
   "name": "plugins/module_utils/network/frr",
   "ftype": "dir",
   "chksum_type": null,
   "chksum_sha256": null,
   "format": 1
  },
  {
   "name": "plugins/module_utils/network/frr/providers",
   "ftype": "dir",
   "chksum_type": null,
   "chksum_sha256": null,
   "format": 1
  },
  {
   "name": "plugins/module_utils/network/frr/providers/cli",
   "ftype": "dir",
   "chksum_type": null,
   "chksum_sha256": null,
   "format": 1
  },
  {
   "name": "plugins/module_utils/network/frr/providers/cli/config",
   "ftype": "dir",
   "chksum_type": null,
   "chksum_sha256": null,
   "format": 1
  },
  {
   "name": "plugins/module_utils/network/frr/providers/cli/config/bgp",
   "ftype": "dir",
   "chksum_type": null,
   "chksum_sha256": null,
   "format": 1
  },
  {
   "name": "plugins/module_utils/network/frr/providers/cli/config/bgp/__init__.py",
   "ftype": "file",
   "chksum_type": "sha256",
   "chksum_sha256": "e3b0c44298fc1c149afbf4c8996fb92427ae41e4649b934ca495991b7852b855",
   "format": 1
  },
  {
   "name": "plugins/module_utils/network/frr/providers/cli/config/bgp/address_family.py",
   "ftype": "file",
   "chksum_type": "sha256",
   "chksum_sha256": "39b81819f5715c325d2d5fddab5a1b7ee1a7dc4bba6db4a88a927b303031e364",
   "format": 1
  },
  {
   "name": "plugins/module_utils/network/frr/providers/cli/config/bgp/neighbors.py",
   "ftype": "file",
   "chksum_type": "sha256",
   "chksum_sha256": "c2b1338e25846e113e664e14779c287f0ed18540ef5f27f680fdca46d06177c7",
   "format": 1
  },
  {
   "name": "plugins/module_utils/network/frr/providers/cli/config/bgp/process.py",
   "ftype": "file",
   "chksum_type": "sha256",
   "chksum_sha256": "1a5c68ea67d4160252eb0fa109e4f7b9771d758edb5d04a96faa2778b75dc872",
   "format": 1
  },
  {
   "name": "plugins/module_utils/network/frr/providers/cli/config/__init__.py",
   "ftype": "file",
   "chksum_type": "sha256",
   "chksum_sha256": "e3b0c44298fc1c149afbf4c8996fb92427ae41e4649b934ca495991b7852b855",
   "format": 1
  },
  {
   "name": "plugins/module_utils/network/frr/providers/cli/config/base.py",
   "ftype": "file",
   "chksum_type": "sha256",
   "chksum_sha256": "fc0c86ce72effd6cda40a056e5f53a845ee67d474741024fa1690c6b3d7a815c",
   "format": 1
  },
  {
   "name": "plugins/module_utils/network/frr/providers/cli/__init__.py",
   "ftype": "file",
   "chksum_type": "sha256",
   "chksum_sha256": "e3b0c44298fc1c149afbf4c8996fb92427ae41e4649b934ca495991b7852b855",
   "format": 1
  },
  {
   "name": "plugins/module_utils/network/frr/providers/__init__.py",
   "ftype": "file",
   "chksum_type": "sha256",
   "chksum_sha256": "e3b0c44298fc1c149afbf4c8996fb92427ae41e4649b934ca495991b7852b855",
   "format": 1
  },
  {
   "name": "plugins/module_utils/network/frr/providers/module.py",
   "ftype": "file",
   "chksum_type": "sha256",
   "chksum_sha256": "912051f37e04e5b532f747155a843ca9ed445b06d9d8cf6e88c839b528824ba3",
   "format": 1
  },
  {
   "name": "plugins/module_utils/network/frr/providers/providers.py",
   "ftype": "file",
   "chksum_type": "sha256",
   "chksum_sha256": "489bf329c51ba985ca2c19e7bdd3ab98df1b83e10b3e7b1db6b14281929fb6cf",
   "format": 1
  },
  {
   "name": "plugins/module_utils/network/frr/__init__.py",
   "ftype": "file",
   "chksum_type": "sha256",
   "chksum_sha256": "e3b0c44298fc1c149afbf4c8996fb92427ae41e4649b934ca495991b7852b855",
   "format": 1
  },
  {
   "name": "plugins/module_utils/network/frr/frr.py",
   "ftype": "file",
   "chksum_type": "sha256",
   "chksum_sha256": "c4614ce0af5aa8853fe2162a5c4c753bc036bfa00f5452a155cf82648883d0d8",
   "format": 1
  },
  {
   "name": "plugins/module_utils/__init__.py",
   "ftype": "file",
   "chksum_type": "sha256",
   "chksum_sha256": "e3b0c44298fc1c149afbf4c8996fb92427ae41e4649b934ca495991b7852b855",
   "format": 1
  },
  {
   "name": "plugins/modules",
   "ftype": "dir",
   "chksum_type": null,
   "chksum_sha256": null,
   "format": 1
  },
  {
   "name": "plugins/modules/__init__.py",
   "ftype": "file",
   "chksum_type": "sha256",
   "chksum_sha256": "e3b0c44298fc1c149afbf4c8996fb92427ae41e4649b934ca495991b7852b855",
   "format": 1
  },
  {
   "name": "plugins/modules/frr_bgp.py",
   "ftype": "file",
   "chksum_type": "sha256",
   "chksum_sha256": "994d4e93ad49d33e7e705580c99f16d5a1e8ee54dcb002f1e99a4af653dd47d7",
   "format": 1
  },
  {
   "name": "plugins/modules/frr_facts.py",
   "ftype": "file",
   "chksum_type": "sha256",
   "chksum_sha256": "f86f1bd58c12804e799d75c781b0215ff341d57cd075d93c27dac4f3741f4147",
   "format": 1
  },
  {
   "name": "plugins/terminal",
   "ftype": "dir",
   "chksum_type": null,
   "chksum_sha256": null,
   "format": 1
  },
  {
   "name": "plugins/terminal/__init__.py",
   "ftype": "file",
   "chksum_type": "sha256",
   "chksum_sha256": "e3b0c44298fc1c149afbf4c8996fb92427ae41e4649b934ca495991b7852b855",
   "format": 1
  },
  {
   "name": "plugins/terminal/frr.py",
   "ftype": "file",
   "chksum_type": "sha256",
   "chksum_sha256": "dc9297e01fa05269a745fcbe0cb638c2880afbf4ba3362facd5431a19705d0cc",
   "format": 1
  },
  {
   "name": "tests",
   "ftype": "dir",
   "chksum_type": null,
   "chksum_sha256": null,
   "format": 1
  },
  {
   "name": "tests/sanity",
   "ftype": "dir",
   "chksum_type": null,
   "chksum_sha256": null,
   "format": 1
  },
  {
   "name": "tests/sanity/ignore-2.10.txt",
   "ftype": "file",
   "chksum_type": "sha256",
   "chksum_sha256": "e3b0c44298fc1c149afbf4c8996fb92427ae41e4649b934ca495991b7852b855",
   "format": 1
  },
  {
   "name": "tests/sanity/ignore-2.12.txt",
   "ftype": "file",
   "chksum_type": "sha256",
   "chksum_sha256": "e3b0c44298fc1c149afbf4c8996fb92427ae41e4649b934ca495991b7852b855",
   "format": 1
  },
  {
   "name": "tests/sanity/ignore-2.13.txt",
   "ftype": "file",
   "chksum_type": "sha256",
   "chksum_sha256": "e3b0c44298fc1c149afbf4c8996fb92427ae41e4649b934ca495991b7852b855",
   "format": 1
  },
  {
   "name": "tests/sanity/ignore-2.14.txt",
   "ftype": "file",
   "chksum_type": "sha256",
   "chksum_sha256": "e3b0c44298fc1c149afbf4c8996fb92427ae41e4649b934ca495991b7852b855",
   "format": 1
  },
  {
   "name": "tests/sanity/ignore-2.15.txt",
   "ftype": "file",
   "chksum_type": "sha256",
   "chksum_sha256": "e3b0c44298fc1c149afbf4c8996fb92427ae41e4649b934ca495991b7852b855",
   "format": 1
  },
  {
   "name": "tests/sanity/ignore-2.16.txt",
   "ftype": "file",
   "chksum_type": "sha256",
   "chksum_sha256": "e3b0c44298fc1c149afbf4c8996fb92427ae41e4649b934ca495991b7852b855",
   "format": 1
  },
  {
   "name": "tests/sanity/ignore-2.9.txt",
   "ftype": "file",
   "chksum_type": "sha256",
   "chksum_sha256": "e3b0c44298fc1c149afbf4c8996fb92427ae41e4649b934ca495991b7852b855",
   "format": 1
  },
  {
   "name": "tests/unit",
   "ftype": "dir",
   "chksum_type": null,
   "chksum_sha256": null,
   "format": 1
  },
  {
   "name": "tests/unit/compat",
   "ftype": "dir",
   "chksum_type": null,
   "chksum_sha256": null,
   "format": 1
  },
  {
   "name": "tests/unit/compat/__init__.py",
   "ftype": "file",
   "chksum_type": "sha256",
   "chksum_sha256": "e3b0c44298fc1c149afbf4c8996fb92427ae41e4649b934ca495991b7852b855",
   "format": 1
  },
  {
   "name": "tests/unit/compat/mock.py",
   "ftype": "file",
   "chksum_type": "sha256",
   "chksum_sha256": "8ef8138e4a1226b85dfb3567d9be04aaef39270af32ae62765b745f8f46cb0ec",
   "format": 1
  },
  {
   "name": "tests/unit/compat/unittest.py",
   "ftype": "file",
   "chksum_type": "sha256",
   "chksum_sha256": "727203a3846be41893b78a4b77852a1658925e936fb19539551958a5d8e8fb81",
   "format": 1
  },
  {
   "name": "tests/unit/mock",
   "ftype": "dir",
   "chksum_type": null,
   "chksum_sha256": null,
   "format": 1
  },
  {
   "name": "tests/unit/mock/__init__.py",
   "ftype": "file",
   "chksum_type": "sha256",
   "chksum_sha256": "e3b0c44298fc1c149afbf4c8996fb92427ae41e4649b934ca495991b7852b855",
   "format": 1
  },
  {
   "name": "tests/unit/mock/loader.py",
   "ftype": "file",
   "chksum_type": "sha256",
   "chksum_sha256": "4a016afe1252f4ed74089de5a77c64305a1fb5873aeecdaf695a80203ce5fbcc",
   "format": 1
  },
  {
   "name": "tests/unit/mock/path.py",
   "ftype": "file",
   "chksum_type": "sha256",
   "chksum_sha256": "8b90326372b53c2f8abe5782254c7d89c224b3bdfeb74ed85ac0017eb1d23ef6",
   "format": 1
  },
  {
   "name": "tests/unit/mock/procenv.py",
   "ftype": "file",
   "chksum_type": "sha256",
   "chksum_sha256": "a8ccee2912c9aed481e2a635fb24d555fa1a9fce62c8e824441966ab32d2e9b4",
   "format": 1
  },
  {
   "name": "tests/unit/mock/vault_helper.py",
   "ftype": "file",
   "chksum_type": "sha256",
   "chksum_sha256": "3bf7834d18bd34473d0f4b898253177229a131f14364874efba584ff985e4a41",
   "format": 1
  },
  {
   "name": "tests/unit/mock/yaml_helper.py",
   "ftype": "file",
   "chksum_type": "sha256",
   "chksum_sha256": "01876cfd13c28db69e1016fb68958259d2697a9e6291841591d46f922bd845d2",
   "format": 1
  },
  {
   "name": "tests/unit/modules",
   "ftype": "dir",
   "chksum_type": null,
   "chksum_sha256": null,
   "format": 1
  },
  {
   "name": "tests/unit/modules/network",
   "ftype": "dir",
   "chksum_type": null,
   "chksum_sha256": null,
   "format": 1
  },
  {
   "name": "tests/unit/modules/network/frr",
   "ftype": "dir",
   "chksum_type": null,
   "chksum_sha256": null,
   "format": 1
  },
  {
   "name": "tests/unit/modules/network/frr/fixtures",
   "ftype": "dir",
   "chksum_type": null,
   "chksum_sha256": null,
   "format": 1
  },
  {
   "name": "tests/unit/modules/network/frr/fixtures/__init__.py",
   "ftype": "file",
   "chksum_type": "sha256",
   "chksum_sha256": "e3b0c44298fc1c149afbf4c8996fb92427ae41e4649b934ca495991b7852b855",
   "format": 1
  },
  {
   "name": "tests/unit/modules/network/frr/fixtures/frr_bgp_config",
   "ftype": "file",
   "chksum_type": "sha256",
   "chksum_sha256": "9231e727966bef34467142639673c6e31bb8475f6c777fa7e41be4bb64ae7a3a",
   "format": 1
  },
  {
   "name": "tests/unit/modules/network/frr/fixtures/frr_facts_show_interface",
   "ftype": "file",
   "chksum_type": "sha256",
   "chksum_sha256": "8a7a814518937a79974afcc08597cb8209adcf0710d218d0fdc2378a0461efce",
   "format": 1
  },
  {
   "name": "tests/unit/modules/network/frr/fixtures/frr_facts_show_memory",
   "ftype": "file",
   "chksum_type": "sha256",
   "chksum_sha256": "f5548b9b2d91900f1cce2e6ef1eb35273a7aca32460e3a07a1cec16b4b1abdc7",
   "format": 1
  },
  {
   "name": "tests/unit/modules/network/frr/fixtures/frr_facts_show_version",
   "ftype": "file",
   "chksum_type": "sha256",
   "chksum_sha256": "de6cda2c8a1c9c1e9f83848ac32319d46d0e270f4aecc28128c7fa6d35bf87da",
   "format": 1
  },
  {
   "name": "tests/unit/modules/network/frr/__init__.py",
   "ftype": "file",
   "chksum_type": "sha256",
   "chksum_sha256": "e3b0c44298fc1c149afbf4c8996fb92427ae41e4649b934ca495991b7852b855",
   "format": 1
  },
  {
   "name": "tests/unit/modules/network/frr/frr_module.py",
   "ftype": "file",
   "chksum_type": "sha256",
   "chksum_sha256": "c66bb4c189e29e04d266daf87628c1603abcb314f8be0827a5e88b2b6b7b9d77",
   "format": 1
  },
  {
   "name": "tests/unit/modules/network/frr/test_frr_bgp.py",
   "ftype": "file",
   "chksum_type": "sha256",
   "chksum_sha256": "562b6a9ce8f5721e7dcd9376cc393a37cedf48b4439f5adbd6cdb4b2bd313d88",
   "format": 1
  },
  {
   "name": "tests/unit/modules/network/frr/test_frr_facts.py",
   "ftype": "file",
   "chksum_type": "sha256",
   "chksum_sha256": "7ab0f5159fbad9ce8160b7afc429161cb758be456979f3a55380ef94409e03ae",
   "format": 1
  },
  {
   "name": "tests/unit/modules/network/__init__.py",
   "ftype": "file",
   "chksum_type": "sha256",
   "chksum_sha256": "e3b0c44298fc1c149afbf4c8996fb92427ae41e4649b934ca495991b7852b855",
   "format": 1
  },
  {
   "name": "tests/unit/modules/__init__.py",
   "ftype": "file",
   "chksum_type": "sha256",
   "chksum_sha256": "e3b0c44298fc1c149afbf4c8996fb92427ae41e4649b934ca495991b7852b855",
   "format": 1
  },
  {
   "name": "tests/unit/modules/conftest.py",
   "ftype": "file",
   "chksum_type": "sha256",
   "chksum_sha256": "b7d11e3efeff615b87c4698374f6bdd3dff3c6e384e11ceaa0700282917a3626",
   "format": 1
  },
  {
   "name": "tests/unit/modules/utils.py",
   "ftype": "file",
   "chksum_type": "sha256",
   "chksum_sha256": "d08985970afb53410d7dd30879952ec7421754c213a4a82d92d60c67d4b079e7",
   "format": 1
  },
  {
   "name": "tests/unit/__init__.py",
   "ftype": "file",
   "chksum_type": "sha256",
   "chksum_sha256": "e3b0c44298fc1c149afbf4c8996fb92427ae41e4649b934ca495991b7852b855",
   "format": 1
  },
  {
   "name": "tests/unit/requirements.txt",
   "ftype": "file",
   "chksum_type": "sha256",
   "chksum_sha256": "49ba996dc4735c3463e9af561344346dfae14bcc1a68096ce78364b377f0df1f",
   "format": 1
  },
  {
   "name": "tests/.gitignore",
   "ftype": "file",
   "chksum_type": "sha256",
   "chksum_sha256": "b5726d3ec9335a09c124469eca039523847a6b0f08a083efaefd002b83326600",
   "format": 1
  },
  {
   "name": ".gitignore",
   "ftype": "file",
   "chksum_type": "sha256",
   "chksum_sha256": "179a6d0780422c32653a71b9395a3ecb8b3859346ffa3e38ca3c8d90f8063fd2",
   "format": 1
  },
  {
   "name": ".isort.cfg",
   "ftype": "file",
   "chksum_type": "sha256",
   "chksum_sha256": "b4dec24ef3ce22b8f47cf6cd0745bc2e4ead138d6fb0c6508753508b5257123b",
   "format": 1
  },
  {
   "name": ".pre-commit-config.yaml",
   "ftype": "file",
   "chksum_type": "sha256",
   "chksum_sha256": "83458cb034fd1cd1959366f3f10cbf9d6f6106f29fdd06d5b63e3e08dbbf3505",
   "format": 1
  },
  {
   "name": ".prettierignore",
   "ftype": "file",
   "chksum_type": "sha256",
   "chksum_sha256": "9881cacd6494858bc3c50f32917a7971c275f5dbeaa27d438985eacb344f9857",
   "format": 1
  },
  {
   "name": ".yamllint",
   "ftype": "file",
   "chksum_type": "sha256",
   "chksum_sha256": "827ef9e031ecdcaf137be239d33ef93fcbbc3611cbb6b30b0e507d0e03373d0e",
   "format": 1
  },
  {
   "name": "CHANGELOG.rst",
   "ftype": "file",
   "chksum_type": "sha256",
   "chksum_sha256": "f40de137ddfddd48462882636753d3d16de71e7dc983af21352fac45364dee98",
   "format": 1
  },
  {
   "name": "LICENSE",
   "ftype": "file",
   "chksum_type": "sha256",
   "chksum_sha256": "3972dc9744f6499f0f9b2dbf76696f2ae7ad8af9b23dde66d6af86c9dfb36986",
   "format": 1
  },
  {
   "name": "README.md",
   "ftype": "file",
   "chksum_type": "sha256",
   "chksum_sha256": "917d96a00c89c55cdc87ce73c65c4babae712072c791e49659b56b7b3e2ec896",
   "format": 1
  },
  {
   "name": "bindep.txt",
   "ftype": "file",
   "chksum_type": "sha256",
   "chksum_sha256": "80645079eb025b3a905b4775ac545d080a3d7d35d537c31e04f7197c94315ab5",
   "format": 1
  },
  {
   "name": "codecov.yml",
   "ftype": "file",
   "chksum_type": "sha256",
   "chksum_sha256": "d7119b3a96ece7bcd2df6e851e7e19783049f280918a801344d502c6ada4e582",
   "format": 1
  },
  {
   "name": "pyproject.toml",
   "ftype": "file",
   "chksum_type": "sha256",
   "chksum_sha256": "1cb6a45dfa2625123890b93ad7fdc156b063c16e8ae6dba11511a1d1986b0fcc",
   "format": 1
  },
  {
   "name": "requirements.txt",
   "ftype": "file",
   "chksum_type": "sha256",
   "chksum_sha256": "e3b0c44298fc1c149afbf4c8996fb92427ae41e4649b934ca495991b7852b855",
   "format": 1
  },
  {
   "name": "test-requirements.txt",
   "ftype": "file",
   "chksum_type": "sha256",
   "chksum_sha256": "60465b242d7c4c5f207d2424aa9dd788d03c7f767c2e09b1c55e3f97d8cfd383",
   "format": 1
  },
  {
   "name": "tox.ini",
   "ftype": "file",
   "chksum_type": "sha256",
   "chksum_sha256": "beb3313789623e5570d0871f6115ba563a0d92ea75e8e89cbd9f79045b4fe279",
   "format": 1
  }
 ],
 "format": 1
}